iso3,crop_reduction_year_1,crop_reduction_year_2,crop_reduction_year_3,crop_reduction_year_4,crop_reduction_year_5,crop_reduction_year_6,crop_reduction_year_7,crop_reduction_year_8,crop_reduction_year_9,crop_reduction_year_10
AFG,-99.3352542491236,-100.0,-100.0,-90.12951307013348,-55.90034051979879,-30.43173217370039,-23.49289047358877,-21.57338053641576,-12.69536462720453,-1.3444929726940895
ALB,-98.98637459945132,-95.37786817349811,-95.37786817349811,-84.30907879950674,-66.34108010841778,-33.16400790229576,-36.89891107045496,-52.84334585925076,-11.106640024772153,-49.857987801796014
DZA,-61.330221610866005,12.01245884811172,12.01245884811172,67.46911777826516,152.45074396459358,257.3871945508899,154.413851276852,54.08161698601525,-7.55791958958725,-29.315216576859747
AGO,-8.42341850903969,-69.96306652360072,-96.49142875786151,-98.26703458538316,-98.49789976229472,-94.29959335498864,-84.0827922480726,-71.54367960820825,-53.71888165068853,-43.55672712530671
ARG,-6.338326770300851,-77.45789467370527,-82.9491950782333,-84.79519313244803,-78.82306716649359,-81.50946512164798,-68.64361043931842,-58.40163904960016,-34.10866491645519,-7.54966144259464
ARM,-100.0,-100.0,-100.0,-99.9745126912909,-98.1204476096384,-21.45909519292822,-24.122412156669142,-23.85230622663079,-20.11865881617376,-12.818116373796204
AUS,24.59770243580208,-2.8927856249414496,-2.583798377300159,-28.10348143659636,-40.01471837789216,-34.0951525388308,-27.064756989740104,-42.06313716571757,3.73827566201016,-13.62544479639865
AZE,-99.99986038391938,-100.0,-100.0,-99.54318164853686,-91.27927579280812,-46.09080334699007,-24.77360681068403,-19.35541999357192,-14.592495795028302,-1.00655615376249
BHR,584.318941,-100.0,-100.0,30.8427224124208,30.84272241,-100.0,-100.0,-100.0,-100.0,-100.0
BGD,-13.143072311505502,-98.58738388240587,-89.10920797723544,-60.45470152086024,-50.237798523727264,-75.06320331619983,-81.48545463621271,-71.22398957110003,-12.952377616701462,4.95839945598543
BRB,-100.0,-100.0,-100.0,-100.0,-100.0,-100.0,-100.0,-100.0,-100.0,-100.0
BLR,-100.0,-100.0,-100.0,-100.0,-100.0,-99.6478241054501,-81.88331514739247,-52.70820929876368,-51.554956677856666,-85.57729472144148
BEN,-25.578892702755347,-68.78672385341399,-76.14969631170541,-77.11459791256922,-69.16668100470952,-65.82497009400514,-47.1013664328092,-28.238053739239284,-21.84064599107001,-4.87801887377125
BTN,-55.75162459264301,-99.5349254416934,-99.29748205574386,-97.68991251486914,-97.25847983996388,-97.34920867603776,-97.76061117799712,-97.2898430602261,-89.37749795406056,-77.97019505730876
BOL,-5.16675532781614,-76.12360570899543,-94.2948479456764,-88.17760180443702,-60.08458688901754,-83.82371978768487,-76.21214218494633,-64.91080346960258,-54.66840593152923,-34.96664354069132
BIH,-100.0,-99.67652943650774,-99.67652943650774,-97.20333642968822,-89.94313691547768,-69.53535026350731,-56.48579113800743,-60.23053645141273,-43.58736247710152,-83.61129853051297
BWA,-17.25784314217441,-77.72683090380447,-98.67108504365495,-93.78233115059273,-98.6624108996902,-77.39927204170787,-58.55419020192395,-45.09324243995591,-18.913034826476466,-9.85772105402214
BRA,-6.4447106335042506,-68.44731828555126,-86.59908877081438,-84.99898694140515,-85.20703496417606,-79.0548572036421,-71.17007104668156,-55.431968411212665,-40.90541386621745,-20.96014460508108
BRN,-100.0,-100.0,-100.0,-100.0,-100.0,-100.0,-100.0,-100.0,-100.0,-100.0
BFA,-26.57748642584149,-71.909789634557,-79.02911624047842,-73.05290307642977,-72.8962768538389,-43.3461960387194,-21.076893888932133,-9.975704746976689,2.24736700959369,0.4616797782796091
MMR,-45.247684020465925,-99.89233805287932,-99.92156271503008,-99.32437134014704,-92.09877572518296,-97.82096411742104,-93.9660737140772,-87.81422402580128,-64.41620122283554,-41.87032384856722
BDI,-10.23409121779503,-73.25716869240951,-68.93728395200189,-74.4620670105197,-100.0,-52.70774874606112,-58.66699384654838,-77.9444009321582,-62.06287636331861,-58.90676290921577
CPV,-100.0,-100.0,-100.0,-100.0,-100.0,-100.0,-100.0,-100.0,-100.0,-100.0
KHM,52.04811253073592,-96.8157327289437,-99.5086826232528,-96.93361327521365,-94.00347188144056,-65.74070170341884,-44.798277053431526,21.4713023622425,56.01012357596586,6.7138734762141
CMR,-42.9487970288346,-90.81003512767192,-93.35183581846114,-89.99716643595752,-81.91748709140099,-79.93113587582125,-64.96156622604073,-44.22185790711962,-31.41161344033865,0.20440033371222
CAN,-100.0,-100.0,-100.0,-100.0,-99.96895053941051,-98.9338608088754,-81.8934966404037,-81.14859451734175,-76.40771866366148,-49.03867406314913
CAF,-28.30301051866348,-90.21618998302876,-93.44884290390992,-98.79136763453934,-98.23570434287844,-88.61219192590784,-71.7449360045596,-54.70465310501408,-40.75232871362263,-12.36923141863404
TCD,-23.685580746408,-68.27517527566523,-75.7783545207957,-83.37691137811679,-74.3888270979137,-64.69973765745159,-38.8083337813656,-8.19959742251138,4.93236647369206,24.33202834113048
CHL,-39.77883251473817,-62.38394719539978,-58.08855705615808,-64.16613056761571,-61.3491281653768,-45.492372644851066,-40.57483051932072,-41.7917520108874,-9.79367273772311,23.10208643429873
CHN,-97.5076313598488,-99.71669716737848,-99.70414336333867,-98.9900071205584,-96.1537116961417,-93.1499845812767,-89.91230672714876,-82.59776603421918,-61.2520154943911,-33.96468446777395
COL,-24.607081189532234,-84.7724239404593,-93.44525668111874,-92.171969288074,-89.8956223784084,-79.7153709755629,-72.35211795197459,-53.954791846355846,-35.3852488207961,-10.76921485208297
COD,-8.91062798318832,-78.58377019934962,-96.551563775879,-93.97543928695848,-99.2591082780062,-87.59583182222855,-80.05254038338049,-64.68285678918217,-48.82788579553743,-31.352577956736624
COG,-5.241709942030569,-79.88318452454641,-92.31436394063192,-92.90923799244308,-96.47278822271286,-81.64816110615948,-72.4307087499765,-50.3045591798857,-41.53010091935031,-18.96814374973782
CRI,109.0193228302996,95.24084214039044,111.70028655980607,21.60631319585588,80.57457957461752,47.354698859362,319.8788956586231,198.6672536362492,106.36568000613528,-30.08211088636812
CIV,-31.673020319369197,-91.6695826751968,-93.18415685361389,-93.63149743851352,-83.11193740020192,-84.79114727644011,-69.28955066777735,-54.24246910283384,-44.32839703863915,-19.52160206342957
CUB,-31.411284988436663,-69.27150593973177,-84.93417575421363,-79.1762294861134,-78.3786482054482,-62.33682585035065,-30.44797410519874,-6.72911548412901,16.89058892746657,13.960183025970789
DJI,-87.14366949304141,-92.83961092160771,-77.16251046788541,-70.31843961695989,67.89901150390699,-91.78771885128894,-59.04341187067561,-69.95340122152126,-65.94093722731441,-30.420795445600348
DOM,17.058790506356917,-29.76006617188921,-59.91998412159174,-80.72623055784945,-58.37311000932623,-39.6776244052203,-14.235491825289452,26.254898464443947,-6.25837017822966,6.14302154539943
ECU,-4.685881481333979,-75.55744438862665,-96.62666325303266,-98.67815718201746,-85.25147021452493,-86.27798033362338,-72.57244241729221,-56.23817369758825,-35.79764406986854,-21.37250619161418
EGY,-71.53272499854613,-74.5879647247151,-74.48702851369698,-67.40725350704078,-62.11989382169904,-35.51182159253079,-16.69078690113157,-8.05550587056274,-3.47694225146458,-3.16751998815606
SLV,-33.95709802237152,-81.84239213874194,-85.94017865176363,-80.83244414838819,-79.22338494119538,-46.65661320456256,6.42970608451984,18.03133942370618,49.6856091645503,45.42482927743924
ERI,-11.64911164198463,-55.01622951149066,-58.36686084934357,-60.88678856062727,-46.61350426898967,-49.26931938574904,-24.822059242404144,6.49952194571322,1.596846275540179,8.05308811509213
SWT,-5.484314769225609,-64.01045499672132,-69.68728381854307,-82.47462621169952,-71.34971685678977,-73.71804172580458,-54.318086338813885,-25.242625693735647,-33.02870465184197,-21.8913442259734
ETH,-62.02788049993869,-85.85142104344484,-88.0064085873057,-86.1030020982169,-76.47196146663819,-84.65010015841779,-71.60790937873946,-62.44078632488954,-50.474351282832686,-15.97886241272786
FJI,-100.0,-100.0,-100.0,-100.0,-100.0,-100.0,-100.0,-100.0,-100.0,-100.0
GAB,-5.178287318451379,-75.64191830451448,-90.33026572495386,-91.56569502583824,-93.01588714479163,-78.84205394050772,-69.01816123804025,-53.29160419927103,-39.03970751931353,-15.82357352159532
GMB,-39.98619798828537,382.3558228742794,162.77324712940614,6.701593397580501,-35.541531850183,61.38936953877595,-36.86775387473889,-47.73934691912088,-38.504089850504926,-47.02284098411358
GEO,-100.0,-100.0,-100.0,-98.72230743518742,-99.49533063341482,-73.35796331310313,-54.94802980546116,-43.49677914511141,-39.733144285028544,-20.42471064190989
GHA,-10.79580844196174,-74.20588991226644,-77.9814172482776,-79.49035969805499,-74.52962830540213,-62.94779562251016,-38.31931047681831,-25.79585272583051,-9.50086333816572,-6.26276371734191
GTM,-17.423664545552988,-74.17990795806206,-82.68657848062526,-81.72378608853221,-68.73711250492312,-61.31651195345883,-43.51955541714206,-9.69626593249227,31.08451948530106,34.10004451524251
GIN,-9.21487706177567,-81.818770033276,-89.70958555661224,-90.60755538101766,-86.97399545333387,-70.21063810514477,-40.99291564688508,-19.38184492115116,-19.48569064906186,-6.73342242630364
GNB,7.81376139796609,-15.370030945665462,-39.00823376765363,-74.94888304503326,-63.64900197884609,-48.76475739942187,-23.66140772594409,-2.2913257468694894,35.949361930099585,24.02923634099257
GUY,31.185788731372355,-3.10458207795129,-74.83852368008834,-83.06259176483674,-66.80833643744567,-37.21337654213413,5.70004422840803,27.0621571937524,51.72869356837074,67.02267640785922
HTI,62.77420911843844,58.485462415329785,58.38795775608274,48.60169054642394,91.89048707205008,181.38334628397087,320.6136138275587,367.8752940947169,168.54241274993012,110.722761728697
HND,-10.75747624417071,-67.86054120768614,-91.15636927266594,-85.10348437017332,-81.52309426311778,-57.47474327577443,-24.713102500837067,-1.3655493742247495,38.43113178798802,19.96143676987766
IND,-26.24714700757048,-73.81187957747765,-72.59820592412984,-63.49851532364248,-56.896641667896205,-52.49119533522956,-50.75385763800265,-25.14923154140854,7.267148006594761,12.736364102698449
IDN,-9.535973277247,-65.25917136937287,-74.31507940351021,-81.31961988223988,-76.18594214532584,-64.10755944406458,-52.58513722127644,-33.67781875796564,-20.489516497475112,-12.20450807696546
IRN,-96.85331740957668,-97.29122710329057,-97.25241039754307,-82.1759120983437,-41.87972277587591,-31.820212282367194,-32.67741404743685,-23.998084523655344,-13.93448366027528,-3.04913361797223
IRQ,-98.81587172717371,-68.15066542119783,-68.1487087997024,0.7470739558745592,2.10424873509496,-28.33510821847171,-29.08935665098204,-25.71379950916229,-17.964804940231698,-5.59768694361459
ISR,-90.51511267544431,-81.43672052194103,-81.43672052194103,-68.51920730849852,-68.69364272618186,-28.30994487747354,2.9517644662964893,-5.659183973442071,7.41499161884073,-0.0526258688219195
JAM,45.07125221999999,-17.015378890000004,16.362931770000003,62.5966184061989,62.596618410000005,133.716577008763,208.641332289731,243.3572733393769,192.267372117337,67.8974678284241
JPN,-99.3356812317938,-99.94976296087222,-99.94976296087222,-99.85933629044229,-99.6804083931855,-99.27325669258104,-98.0423948599794,-88.8617278952091,-92.77166959719172,-13.308631825461688
JOR,-96.97386928216557,-90.69577719591204,-90.69577719591204,-78.81708497515898,-66.77625365879548,-47.6970046314308,-6.73294424755087,-20.75870753432806,5.33629379808411,-14.57466072674415
KAZ,-100.0,-100.0,-100.0,-99.94445314678993,-98.74950904296418,-84.59408838503852,-59.85841274131401,-40.22981950558939,-24.951435918151503,-12.83874710979508
KEN,-24.95680140169683,-89.74742621381472,-89.44955558502326,-87.73217349009522,-60.66410992416771,-83.83109596469626,-73.67891494808451,-59.07780739401685,-27.4506983254802,62.24222150315738
KOR,-98.79701259446676,-100.0,-100.0,-100.0,-100.0,-100.0,-99.7112763647823,-93.10537564074563,-72.95615351620536,-9.236902783313733
PRK,-99.97210030165516,-100.0,-100.0,-100.0,-100.0,-100.0,-99.9846287908048,-99.21828221990071,-96.25108755715982,-66.00303974965853
KWT,-73.16302368086605,-61.220269259162094,-61.220269259162094,145.85623939769076,-77.1499521808046,20.05810345738506,-40.76471248497841,-27.713972406372093,7.00656849869471,-18.62765364399543
KGZ,-100.0,-100.0,-100.0,-100.0,-98.84658683955422,-72.37746802348117,-45.567770640377375,-35.86827338570584,-24.18931164635514,-17.678082670910868
LAO,-44.88582934387475,-99.87209393392286,-99.45940577486166,-97.05314364505084,-95.81946314523456,-89.92199986946883,-76.66950487768648,-61.44798486300586,-35.86592330392882,-15.214258875684529
LBN,-88.70846747076705,-74.7521332646351,-74.7521332646351,-47.516956804125165,-73.59590021725083,-21.862797333126863,-11.81753060266718,-19.5824755440642,-4.5162646795590495,-8.29059621603579
LSO,-3.310675209325089,-95.6423226953386,-94.6247049672331,-93.3208649182344,-93.68962347470944,-93.254019837272,-87.45422097029288,-65.52159475965881,-50.376730891229,-18.7788727970279
LBR,-4.293124451972901,-80.9525485655086,-92.49289402578084,-89.36919365113332,-81.21833515108088,-75.73642269246704,-58.619036683844456,-46.75888051340752,-30.51372268414676,-16.396798580993423
LBY,35.8,66.8,66.8,182.0,412.2249256294504,528.092317215736,31.8064305167536,-27.0167794067792,-34.5500331274634,-22.666266786444595
MDG,17.56830532071337,-63.7277981543087,-94.1591856192616,-94.76262033369368,-93.44417051554288,-83.15131698190811,-69.36176959634737,-56.6296306315741,-48.9592498805752,-20.040463652519968
MWI,6.92304912952323,-71.45524471716139,-96.50870860465383,-97.29567041360968,-79.252036798007,-88.50098238663483,-73.13627423970253,-61.01989112051169,-33.35343622096834,-19.5412149115221
MYS,-24.20998301676473,-76.28115934395508,-85.35967027561576,-82.68375266839077,-74.97896987952696,-56.16211467826194,-51.5749313398764,-26.577741175639325,-3.16629126007648,3.38547384312186
MLI,-23.87731462222381,-77.30673828967072,-81.7439109556864,-68.50275840539244,-68.85733026349241,-23.669072015199987,-16.79998209141436,-15.364542887667673,0.8096824674943691,-14.03781674722234
MRT,-3.01449251428084,-74.39260054772923,-48.31433523425514,144.7067320667856,-77.92726127909414,-54.81274593850104,-39.97320734550013,-8.95308504461729,-17.233520794736577,-9.21110589737857
MUS,-100.0,-100.0,-100.0,-100.0,-100.0,-100.0,-100.0,-100.0,-100.0,-100.0
MEX,-88.06239234952479,-95.42464211564337,-96.1420466212182,-94.35811564709584,-93.02502545160202,-85.1054678472247,-72.77182438293718,-51.266011134774,-24.037777315593743,-8.84002868928907
MDA,-100.0,-100.0,-100.0,-99.99999999999996,-100.0,-82.74683728476805,-71.06491545815382,-74.15165558049304,-34.0440893957582,-50.61051684223117
MNG,-100.0,-100.0,-100.0,-100.0,-100.0,-99.16687074999712,-93.1447223780342,-35.67088702428462,17.92419752769422,-33.326214323883406
MAR,-83.64568382596535,-48.01663787538986,-48.01663787538986,-30.974685998952538,18.057873089655978,69.72164987080518,68.2466062382994,-21.45363304597233,-42.12017749510561,-33.70268508445315
MOZ,2.25870841974444,-65.69053733948283,-82.34420936971212,-85.43263262277637,-81.01936243768269,-67.1993336492557,-52.65201956994143,-41.16803529130928,-22.53259263066936,-4.83248904352334
NAM,-22.65700322888604,-71.053192096223,-98.85961995361366,-99.06007319960848,-97.7801504523037,-87.36924111591134,-77.87682280748946,-59.240449825398926,-39.56960238585216,-46.96610413380567
NPL,-79.43702730688187,-98.7873361695422,-96.98758720262714,-93.08330749950476,-89.05588136834308,-84.2803155329315,-71.61734688871441,-50.54663886084912,-40.04060696637828,-32.93004105541595
NZL,-41.82213234140813,-73.76756206996518,-73.76756206996518,-78.31239174173413,-74.77552127044657,-64.74844801858603,-50.33459380423791,-24.78418423580129,-15.75120300820097,-9.433544523537831
NIC,-17.19658130347784,-74.40877571716037,-93.87189048922669,-89.90777878937922,-83.13369683405817,-68.03892161187227,-40.22884549150757,-20.56094850748183,-3.23072985247142,-8.40606168179146
NER,-28.87272813002262,-82.21412417034122,-90.88109615944714,-78.48613998110751,-58.214338456824365,-46.33010479578645,-42.81398324278359,-2.47212733974768,12.22903245969234,12.827473282491436
NGA,-33.87724069282335,-79.84351529211561,-86.81552082177078,-86.31305647213023,-75.01235431275437,-68.87767780437662,-50.29029189632137,-35.10710369358271,-20.42874644234124,-2.63668721386263
MKD,-99.56517969221596,-100.0,-100.0,-95.6305539978879,-73.41117276004633,-16.4536727588757,-21.135896006961065,-53.63469271869289,-34.20219242902719,-50.60779576568524
NOR,-100.0,-100.0,-100.0,-100.0,-100.0,-100.0,-100.0,-98.55433410590396,-89.22428895694351,-61.57429346922217
OMN,557.833008698129,940.7444522742504,936.2755193758616,1229.2929145122466,1525.612264203803,1551.0967761092725,152.51740280534784,-19.43966845111142,39.775291987511565,-39.01203889690262
PAK,-71.96890066552002,-72.59590451377038,-72.54982090894929,-64.19033613058605,-60.6196674750382,-46.37445813651959,-28.044345013485227,-18.61554137733693,-13.25655381601018,-4.32996617197016
PAN,113.82610112361932,108.69379114092006,169.21011264727116,29.486053213775705,57.22305654195095,43.88052078275754,339.21094442004284,251.0139767918817,95.84818626142116,-32.16546386757247
PNG,-100.0,-100.0,-100.0,-100.0,-100.0,-100.0,-100.0,-100.0,-100.0,-100.0
PRY,8.13165855501571,-76.75873451216543,-87.50781053284199,-86.47855567125553,-84.63672414164171,-80.89657701554754,-65.11907006504157,-59.6075279939929,-47.159604645025816,-31.459063372507597
PER,-6.50024045457638,-75.3422397454318,-95.51050508019118,-96.51546879243888,-86.84798978037963,-85.1655387637243,-74.16461823533166,-60.33687657977194,-45.062853493945056,-33.1698337386803
PHL,-2.71302047389252,-53.200798805798186,-83.64682550224155,-85.00395324395983,-79.54555649835827,-70.33896819599146,-51.43407943315375,-32.67974793406131,-38.05618204437841,-4.261993585777049
QAT,506.4630655000001,-100.0,-100.0,193.707757570456,193.70775760000004,-99.99999999999989,-99.99999999999989,-99.99999999999989,-99.99999999999989,-99.99999999999989
RUS,-100.0,-100.0,-100.0,-99.90647920098924,-99.87167463031288,-97.47009418550216,-91.80211836158102,-78.41229741731227,-53.4094087264386,-43.928006857980165
RWA,-20.02497550985544,-73.8383716991777,-64.07188748983432,-76.68447581231521,-100.0,-58.72249418588554,-63.41490375620535,-83.11550559404115,-70.80867050971032,-58.97405504273674
SAU,-42.27878194764756,22.269726310508126,22.280695089354605,108.49081126072416,68.10339580735184,110.80749528025603,38.85227198346697,42.506250430447416,8.84045156883581,7.67095257720513
SEN,-4.244991450142689,-35.25806242880282,-46.74904882591613,-53.13611948402045,-47.96099225883463,-30.36635071370315,-12.877099957337933,-9.2738151111959,17.007848367883398,-0.30443817829248
SRB,-100.0,-100.0,-100.0,-99.9441173354262,-98.55337351766612,-78.57619213625532,-68.71975726194077,-76.9478354350185,-36.35350746460235,-74.61962504543338
SLE,-2.8646713133336794,-79.70532401044329,-92.4611325102623,-92.08697814062776,-86.55077467355756,-79.21465686985773,-59.39699241318847,-44.72819631561204,-37.85543981859961,-17.362451352780102
SGP,-19.58036486107596,-77.19649029190293,-80.38932042322823,-79.88612894827655,-69.03116784690963,-50.801051517663545,-40.97407433968641,-21.19645042368848,-1.6050025679031394,1.35815862053751
SOM,-10.2909191993724,36.49377353244997,21.13550360056172,-1.6511649320596598,15.776381637268011,1.01083072366134,35.82817116888556,67.2399021767254,52.86997508699397,155.95295553031738
ZAF,-4.46746952127609,-88.96513437655216,-92.615560491139,-91.76363730545788,-91.9364780795036,-88.09562388616803,-75.10711046949378,-57.78852966194524,-40.791627357970974,-21.11622368534891
SSD,-46.08994173736475,-93.02666802526238,-98.0324029143312,-95.49167271296608,-86.33399467742304,-88.01318526473268,-67.0403668128971,-45.93663443930292,-31.93702042312404,-10.71161639328187
LKA,11.833588408396032,-18.95758154722025,-67.78433933165853,-81.61280801111079,-46.17334493576714,-21.12727615258481,-14.17268272877154,-5.446101147923149,22.277916915924763,1.6788008685036
SDN,-26.92577988554624,-78.01696951452423,-82.52974799853374,-74.21563804796448,-63.39306502420463,-43.44843528307344,-5.09642857522424,26.89540601276063,61.06559113063469,54.958623332329935
SUR,34.65024966433325,47.32321530502247,-6.35471460276476,-55.883685497592936,-24.749772888143845,28.27924499934841,24.70234560362026,35.87227021504571,83.56262572061787,-33.76707464218598
CHE,-100.0,-100.0,-100.0,-99.99999999999996,-99.68240417483844,-94.83026773447644,-62.67733335889275,-41.63370709238199,-37.97769607953698,-17.55582735217005
SYR,-95.60944933940992,-89.69175062296247,-89.69175062296247,-43.78186219374896,-36.19409554219765,-40.16370884194109,-28.18145076693878,-30.268336378637866,-21.49171261626902,-14.764795395864953
TWN,-97.5076313598488,-99.71669716737848,-99.70414336333867,-98.9900071205584,-96.1537116961417,-93.1499845812767,-89.91230672714876,-82.59776603421918,-61.2520154943911,-33.96468446777395
TJK,-99.99403943297035,-100.0,-100.0,-100.0,-93.08960911638648,-58.64360912156887,-31.25569616628605,-15.009607668163518,-14.11767986016812,4.847436039109009
TZA,1.7180295955731095,-84.58434395262712,-93.52475065518712,-89.94336377749096,-85.55146387449624,-83.92060127670679,-80.17552061800387,-74.03651114439066,-55.07972466109716,-36.23326279455885
THA,6.06210713065628,-99.54693087954882,-99.73205199904385,-98.5927805351578,-97.2717101391425,-82.69626274491209,-65.89748702661741,-30.09161856811688,9.40471058027428,24.52630254769413
TGO,-20.97564019870034,-62.46284540877704,-64.66853588549459,-67.84799321410065,-65.81836578915394,-60.830960026595896,-40.25954096503368,-31.564657634630613,-25.27103656131534,-4.85061667752381
TTO,-100.0,-100.0,-100.0,-100.0,-100.0,-100.0,-100.0,-100.0,-100.0,-100.0
TUN,-64.80000000000001,16.6,16.6,32.29999999999999,62.169604562101256,58.37682170809539,2.385730611018409,-29.234331167848097,-36.97494986222079,-34.1008082689252
TUR,-99.117758542793,-96.1989219854866,-96.1989219854866,-83.1256207576903,-49.18830620993987,-29.957900287902035,-40.67050994968385,-42.77979391891495,-36.31100534917355,-29.670475660541964
TKM,-99.66437990482524,-100.0,-100.0,-94.65699828915476,-60.36310027600008,-35.90675828592753,-39.98822259502826,-34.907917566409594,-18.336723718533392,-5.131431753022589
UGA,-30.6110465430194,-92.46726853518032,-88.96876153121859,-82.52453272384545,-99.687882073457,-72.23041091476966,-66.08464685385692,-56.72407492590965,-35.05884470698094,7.493871620099581
UKR,-100.0,-100.0,-100.0,-99.97062607610675,-99.86678690806032,-82.98445976969042,-64.19655290871391,-67.14296807603762,-38.34398999796434,-45.57439584558042
ARE,873.972313236211,-88.84779808239922,-100.0,396.72648005360327,561.06724344479,-12.44166768228915,-64.01686786751185,-61.20868891236901,49.837345596362525,-62.0382356344757
USA,-99.5116431523868,-99.58379259570208,-99.58438527957608,-98.38874896324631,-96.86136172755852,-95.3044607557482,-89.1439677643859,-64.8361662188622,-44.6422024900005,-25.666690757208784
URY,-15.406083449337949,-67.68707006636816,-62.55769369664532,-66.59900404254206,-83.95573008337436,-78.4553764073759,-61.383940721911785,-63.868385679705824,-22.21497436899193,11.63611576248764
UZB,-99.78175216428556,-100.0,-100.0,-99.79168614560196,-71.28024101845843,-36.40449425035212,-29.22751424609921,-25.252232502065457,-15.62399592782808,-6.17925567836474
VEN,-26.506196889336152,-74.89464915895387,-77.25919236941964,-74.92633680263305,-73.82719058110115,-46.75999862241759,-29.715667379694985,-12.019137823677362,14.147971559429958,24.044473791430136
VNM,-43.49836805977152,-98.89060800029976,-94.61549764128094,-86.59025612862101,-84.82096836854438,-80.647293539076,-73.90232501185908,-54.15704895089279,-30.927809429497835,-21.99906180179447
YEM,-39.13097935934825,-65.04485978548018,-66.77319884248786,-52.127197170777706,-48.50069387045501,-39.85282181971964,-0.06866530550499,15.81574055118304,20.75799463163929,35.22564820090201
ZMB,-1.6318855924327993,-75.76925607092845,-98.20508218910454,-97.59305502994924,-95.64654578990114,-90.3007234643356,-76.24262629545815,-64.89989840456371,-39.523281525190896,-28.41854049385894
ZWE,3.7881574768694097,-71.68945766158217,-93.95445587178946,-93.67226931134569,-93.41507769180576,-73.07014724265323,-50.53817210884164,-33.781730872021086,-13.864254146658867,4.724311445928169
AUT,-100.0,-100.0,-100.0,-100.0,-99.65850224545868,-93.30816530882962,-73.19313757954339,-62.941956823582615,-53.1044073641951,-24.19784250470897
BEL,-100.0,-100.0,-100.0,-100.0,-100.0,-99.74755354227727,-72.02250972121371,-68.09451462116328,-66.01304076357246,-59.29060806921648
BGR,-99.97190930667492,-100.0,-100.0,-100.0,-95.39348403861872,-62.24646621216065,-55.06908494495711,-66.55703914611694,-37.42290314227519,-51.406803486179925
HRV,-99.96842725537256,-99.68427255372572,-99.68427255372572,-97.74264869547628,-90.31923166398605,-69.76427973326183,-52.93264486780963,-51.34967041075736,-42.8277829150567,-58.98039269575391
CYP,-67.1,-6.789999999999999,-6.789999999999999,120.0,6.8064248618555006,-8.76986778395061,-10.5964600358403,-19.01274192419969,-12.063733504321604,-22.7953569004309
CZE,-100.0,-100.0,-100.0,-100.0,-99.71725767387596,-95.98763076943592,-65.83892510426983,-42.43885620623102,-48.3917137803937,-44.521032586960814
DNK,-100.0,-100.0,-100.0,-100.0,-100.0,-100.0,-96.3829553816068,-28.195267755043552,-48.79648071103404,-91.29375665478372
EST,-100.0,-100.0,-100.0,-100.0,-100.0,-100.0,-100.0,-88.34586652570198,-61.99150831781121,-31.68927551111429
FIN,-100.0,-100.0,-100.0,-100.0,-100.0,-100.0,-100.0,-100.0,-94.13794154520885,-46.09391040659945
FRA,-99.92711698271728,-99.56338987180044,-99.56338987180044,-97.87785153879982,-90.43087713531663,-70.84928025006704,-50.87953367007077,-42.24935322614962,-56.32803215754838,-45.89519466244766
DEU,-100.0,-100.0,-100.0,-100.0,-100.0,-99.80873694689424,-72.38469119994342,-54.253796658194666,-60.98352079025601,-49.85181947175178
GRC,-95.97262996645078,-84.88119525143675,-84.88119525143675,-67.05530722019152,-41.32850724837936,-25.81842661580479,-39.00955577320208,-40.4801608533802,-25.041666083586613,-29.906996966143645
HUN,-100.0,-100.0,-100.0,-100.0,-96.74336816924418,-75.22763355052406,-62.283041157646096,-64.37486174751952,-44.96049472864271,-43.86227927491584
IRL,-100.0,-100.0,-100.0,-100.0,-99.77871091594992,-90.8572754627966,-42.6779087597922,-55.984814591774615,-40.7577078728475,-4.079251473928579
ITA,-98.11482998431556,-91.52150538026936,-91.52150538026936,-85.52133669554972,-73.21881218263019,-57.47220844986127,-45.58864431472412,-32.36897315535958,-33.96759834181593,-28.338561727141283
LVA,-100.0,-100.0,-100.0,-100.0,-100.0,-100.0,-100.0,-81.8541979104417,-64.4368287784983,-86.2607394890271
LTU,-100.0,-100.0,-100.0,-100.0,-100.0,-100.0,-93.4024860391122,-81.57865877122855,-64.20096927809247,-95.94727489300728
LUX,-100.0,-100.0,-100.0,-100.0,-100.0,-98.59236934396436,-66.55917138097118,-52.63355973082157,-69.31167114190534,-51.73576814041876
MLT,-100.0,-100.0,-100.0,-100.0,-100.0,-100.0,-100.0,-100.0,-100.0,-100.0
NLD,-100.0,-100.0,-100.0,-100.0,-100.0,-100.0,-80.25019480088804,-81.04825320770863,-68.82763186672675,-64.4987490542778
POL,-100.0,-100.0,-100.0,-100.0,-99.94294980307204,-96.54019098428785,-55.44846504120585,-41.86727535768951,-61.21517482717272,-76.33458202323699
PRT,-95.96787377918946,-85.00484951395863,-85.00484951395863,-66.8618087451529,-58.83696675088086,-48.9889459694425,-33.78105125018795,-1.8025108185400391,-0.0874956167205192,4.713913477138879
ROU,-100.0,-100.0,-100.0,-100.0,-99.7992232671204,-77.7087305038151,-71.54990570581003,-76.32406793370353,-33.66415349092932,-77.05792606784695
SVK,-100.0,-100.0,-100.0,-100.0,-97.54523772101945,-74.14287722704165,-53.882818987099256,-53.60273293991278,-51.838725376494494,-53.29225637122748
SVN,-100.0,-100.0,-100.0,-100.0,-97.90326135619412,-85.27042428957557,-63.01653841872076,-57.88938672195766,-49.40014346672619,-30.37603336036096
ESP,-95.9699755814148,-84.90716345196518,-84.90716345196518,-59.07787439435283,-26.65377880701544,20.467356311621145,28.54354796275469,29.277818161921545,-26.12323019766528,-13.351588842093127
SWE,-100.0,-100.0,-100.0,-100.0,-100.0,-100.0,-99.93120127780624,-90.82371064078926,-74.12949893005424,-64.3648815168365
GBR,-100.0,-100.0,-100.0,-100.0,-99.2985449838386,-98.183150403383,-61.07449360479829,-52.95990994023968,-57.8888324536527,-33.21820150427039
