ISO3,crop_kcals_baseline_domestic_supply,crop_kcals_baseline_domestic_supply_year_1,crop_kcals_baseline_domestic_supply_year_2,crop_kcals_baseline_domestic_supply_year_3,crop_kcals_baseline_domestic_supply_year_4,crop_kcals_baseline_domestic_supply_year_5,crop_kcals_baseline_domestic_supply_year_6,crop_kcals_baseline_domestic_supply_year_7,crop_kcals_baseline_domestic_supply_year_8,crop_kcals_baseline_domestic_supply_year_9,crop_kcals_baseline_domestic_supply_year_10
AFG,6251580.2756528435,95229.26181807299,25941.88406949618,25703.32409398682,590739.4814094728,2531170.5460445723,4044359.95557367,4566601.354219763,4793259.663548524,5396541.410444193,6106323.8571670875
AGO,7840053.968961466,6719011.150241578,2200612.955822543,264181.7443682842,138650.25877327254,142773.26792537168,501000.40485740296,1318085.8593263833,2292901.9927809145,3621979.268358082,4407988.870464568
ALB,1182187.7901911743,17736.87753661027,44601.51652506319,43399.16368413171,141637.29467520234,304866.78589143895,632900.6263165195,627524.4690753324,494962.1607723994,951368.4726141678,576156.4021969374
ARE,3960005.748472046,2003761.5395967648,449410.65864688536,389537.51848144917,910377.2331557055,1131695.3930784005,632689.0194246513,1049065.3449025801,1253750.6137472573,1999146.4431649079,2525109.933104939
ARG,88883945.41319709,79276303.9824123,18982224.1951436,14109914.834822005,12730132.285297398,17690893.795914985,15885786.32375136,26943495.371642105,35721836.84420679,56637539.741660714,79800354.95554611
ARM,751128.3893369172,2339.415692740949,819.477853213366,530.7995467276105,1378.2685930948753,10221.13743445285,324653.4533195223,334611.178503577,382696.22135983745,484594.9969813973,547379.4635026586
AUS,14906741.274639186,18342112.65138433,14274629.769578552,14317842.848902114,10574480.322771018,8831241.888880922,9708116.497549452,10768417.674747992,8583532.976098616,15335591.780089628,12829692.262091743
AUT,7389332.697213538,65585.34749734688,29783.45391335266,24959.192516019524,29713.30990970005,127001.39351638888,864460.1578301239,2292488.04025016,2883111.1850057244,3637813.056613971,5069773.429522313
AZE,4504745.634939138,7610.365716621445,3984.5125123184766,2930.6910186117857,20569.502449084415,289818.3811003645,1764685.05172002,2521631.5128180087,2869524.106297919,3345987.150550874,3904047.2211055313
BDI,2295906.3024049094,2035209.085442473,603772.4362553777,700244.4657126328,576860.19458397,1809.5710405076788,1068016.0823143714,936555.7727278468,507884.43098458846,875205.1427948874,956526.3379830149
BEL,11077604.744031409,466022.02701136854,247514.01955327592,213314.93599784368,252689.44315367262,561693.2719806395,1608108.187800155,3996498.198078094,4668886.961322306,4764900.762572948,5566554.520026733
BEN,4823956.053621776,3574711.2738590688,1498649.8859784855,1145106.9716083852,1099189.10587919,1480995.0485741862,1642552.34993185,2542856.1608632538,3451400.978363572,3764361.497516326,4580910.244586734
BFA,6776692.964078562,4869809.347400956,1857533.5968791328,1387379.9184104162,1784119.6836378009,1808493.5220406207,3784361.5205103476,5285891.5321967825,6035340.910144797,6828864.89548574,6733918.277255832
BGD,59307968.53976337,45286852.29484467,2033726.5880153826,6303522.160347394,20175022.60713478,25223326.382580824,13819828.602747219,11875350.055285543,18026540.694706067,48327504.73394588,58398231.55924377
BGR,3936230.3311546016,27461.760542016593,12708.583999048476,10057.743173977713,17653.121303818065,188053.83585879474,1367873.558507308,1654259.56875674,1291159.1090066296,2442492.621696934,1901995.8592419396
BHR,146188.45294940693,174299.92364420294,80348.56030758389,78479.54569168117,81593.83531711441,77928.5126218216,72498.33548186603,82911.59712288773,79454.29873445183,123066.94261594479,118717.89681422412
BIH,2498580.3996212194,3104.1498500147936,8379.026615313544,8242.463788350395,59834.07783963461,220161.85615031805,729570.0527510276,1050065.9013996243,953828.1804066184,1428723.9957264871,531759.1830060881
BLR,11046217.208534895,73423.08340491542,22201.192538886342,11673.193623671388,14605.009575240068,20220.150842067276,145189.96892797152,2040837.2602991185,5021694.3391700275,5401901.716750631,2052992.7580612497
BOL,6785630.121304268,6427039.130115412,1617703.515556027,404576.82282941503,806926.173989206,2676896.8566109487,1101724.1553636645,1626418.6206986045,2391240.046649376,3107459.2414332908,4454237.498633212
BRA,196508671.24280673,182190400.47022587,60900444.958820015,26259268.94158411,29224575.773568753,29142672.275102593,40755931.818992265,56545766.36331025,87030615.33080074,116113037.7403259,155595812.63047886
BRB,84217.57954153279,932.089115647951,520.5750325933373,491.2556217751144,1373.3508277165183,2515.631546229973,3702.2554617192563,8596.50330341421,25696.52095858945,40148.819553298854,53757.21059930698
BRN,16863.51007813057,7686.7549069177885,2406.2329288523133,1828.2269272997785,2049.5544653067877,2518.460043551131,2831.3791197403093,3850.296881973286,5282.916518129081,7879.420859434099,10414.59284461673
BTN,152706.73286850375,72658.80301088655,5338.4317342853265,5870.712214650163,9632.169252964824,11386.67752874644,12047.7259917656,11896.38772244123,17080.78297524414,33542.40022138651,49979.189156253255
BWA,486794.42169527774,437902.0435850202,75781.54077355689,24439.013302263502,36503.87503644764,26984.528633296744,79237.86142657873,153654.9205031731,230332.94846588786,330899.5665036298,405505.30775613175
CAF,862436.9605131322,616499.4593704859,84214.75361624417,56394.963176531506,10672.46349093659,15551.374532415752,98540.69785559995,243783.73204654452,390588.04539246205,511036.4358152752,755305.7622310477
CAN,45383551.3268315,337811.41271649586,139568.92168469162,120497.01126192173,132022.5048384728,226511.05633252565,729182.3352175282,8283003.2406253405,9131107.401959747,11645219.683653528,23788869.278472554
CHE,2403065.3770512603,62145.55564954995,26999.5816287387,22738.787754551413,33590.334061912064,72242.99585422392,249472.44935103797,865172.7848761575,1259022.549173946,1370720.8354017797,1715490.9860693545
CHL,7842163.165192709,5076064.5083385855,2100970.3804075276,2080702.6629236948,1809296.8719943743,2094777.1095307418,2652387.6456983467,3355909.9461970367,3725554.984314873,5751656.230704449,8006268.967594752
CHN,795729666.9500588,82454015.67887379,25487322.156868085,14854304.784729104,20046325.485086683,39437742.05735761,66143726.43064919,100558888.88359962,169368438.53713474,333583380.61953664,536262409.5440072
CIV,9439251.014999915,6049906.83345765,742465.8573839064,607949.2239582017,577813.159975571,1545150.3518212119,1497356.8929848443,2977496.4851221098,4357783.623124285,5184334.988739323,7439666.9857189385
CMR,9653999.74278856,5101532.9486607015,824674.0877095247,597070.2017709165,899274.9023674227,1635402.6391370976,1862887.9887665282,3287009.262554711,5206097.421912627,6424395.778876732,9339188.232424902
COD,18567072.200566545,16651405.909753438,3914892.897588764,636721.4063154319,1107111.3892541553,149328.156858389,2292221.0821770295,3706334.498505931,6551660.566350546,9488799.576882852,12713021.799231648
COG,963792.8452279737,699072.4229890389,149470.31759681134,60656.131805796205,57251.013344519786,39192.29106713786,155239.4320772196,245293.64606653474,433246.252659217,539530.280408345,730063.7506637275
COL,19164423.578777086,9435927.315506529,1990002.3934223214,929322.9176964541,1128530.3822758961,1518831.7077110137,2751458.185522481,4262508.828212471,7832639.692542794,11332868.116153155,15747704.480622852
CPV,61632.53915326096,28486.05654159953,7200.7577396917695,5444.516562997549,5320.511601743143,7599.5762072818015,7880.116653419548,13568.964652272456,18606.61064244261,27805.368550500192,37685.17936538375
CRI,2697503.1858688574,2554453.4121777895,2274401.2763449214,2430585.7292857957,1425624.189817926,2115641.28206852,1772268.7690380262,4988061.348368421,3932954.687645294,3167072.6518003466,1930533.0688379433
CUB,3477522.676875774,2122459.473925434,825103.4975531378,441047.6584896162,558375.0731796492,626345.5858128191,1011997.6017275992,1923765.4018581125,2571154.0923473006,3196301.8005386046,3376460.7540988126
CYP,577566.4683399575,39897.81395895298,89534.58211921676,88479.39823092631,206613.68144548015,123107.29094553064,205189.52720525037,249673.73417074123,229926.8559081296,382597.8759850061,290154.93503595627
CZE,7078531.339550233,43640.70946435989,25529.127143213496,23651.407812362188,23321.673526541937,68743.48231555622,437372.76970705687,2489658.192770442,3980930.1304382067,3677644.988364038,3870810.0942855617
DEU,59093761.63639966,2647047.7153619914,1578637.2332224145,1440603.4153913283,1248791.2939059304,1559604.6551527553,3541998.6208932768,18227988.309114013,26779372.607138887,25469595.315551728,29570633.11494541
DJI,169250.4240881747,20254.30358882311,7026.916143109749,6877.120676370478,11985.276311194997,21577.87415282663,25920.519423836347,45477.443288968556,52255.55074075003,85670.70338536451,97294.19266636999
DNK,9132379.052950347,155708.577404094,65819.62376537715,51016.134953404726,56310.93249503846,76467.674752461,129226.227422575,550442.5474419366,6288248.336357818,4661028.19187818,1156836.8609405025
DOM,4084559.623914291,3397759.684987797,1838234.6345729863,1022832.914363282,567635.2761448312,1092508.2209606485,1572119.424682434,2315873.6790744495,3529636.0563430362,3074853.4286430543,3738701.00294855
DZA,18602554.44319157,6480892.109100159,8414025.894973662,8034937.397003573,11705149.25091156,17726617.52135769,25467737.67460931,20652115.42797697,15339471.619575493,12164405.874309244,12241963.691086918
ECU,5417304.876642834,4197054.656006726,1078201.4643087653,166679.27782262137,81268.8014675679,671136.9861807717,644543.4397145857,1377089.498539221,2186452.6161791156,3205541.512314068,4088069.3364756075
EGY,53046189.20811513,14983709.203854911,9169727.958750335,8455049.323501779,10291563.98801369,12015866.875707075,20757193.618245445,28556513.84385641,33482017.79621943,40849318.05730178,43322887.18445465
ERI,397151.0349439671,294870.30923109717,150363.58452467562,139197.9494255102,131960.38488393524,181585.5183491625,174376.95159517805,259758.87736905753,377480.55834508507,372834.18979925715,406355.7439773658
ESP,46242593.929298736,6170862.633507562,6307994.899351718,5414982.341977284,13401872.368881343,23596366.25884385,39795230.47698885,44468907.16164425,45996592.32174814,31143083.71981236,35824580.78770643
EST,809201.4899845207,45235.38216227171,9889.311801458123,6979.5683296518255,6852.675736947296,14807.165094243903,19467.902088367144,37892.4529376576,130610.93468030985,328229.1478991816,543764.2646736421
ETH,32039105.40817052,12080207.561637579,4473226.112918429,3787457.9775077854,4383887.006878994,7411220.929101957,4889777.404269165,9047661.091794837,12017054.56028772,15943765.65869655,26827158.170745987
FIN,2948525.2110283966,37238.27835401758,22090.661121410893,20154.08776166804,17264.947518849323,27168.723163691287,39494.80071398109,80847.40555626941,108383.51842584644,303359.2953214196,1578489.814938247
FJI,350102.0471252627,175497.0753040017,135276.6688316018,135655.89013258796,100406.0464133195,84360.74393601826,93203.70747456809,104871.27619215804,86069.36644192132,150472.75992174368,128941.95708779461
FRA,37773386.83383934,573845.3559694047,427930.31079142273,392583.7363732564,1021593.7025465083,3731670.1795502715,10778492.544254092,18173358.919016764,21228539.404224977,16651512.156010361,20617357.10690271
GAB,448685.6006467707,334899.434311385,86444.18036197238,34731.466593663914,31819.478542952587,32779.89913726873,98570.9518606305,150626.6220700353,214585.7370919713,256879.0209136209,349098.4759069247
GBR,24202023.341736186,1410023.7458672938,571539.2892071514,404556.8667844118,403999.75393972464,710127.9672207412,1397337.3941270218,9237506.344168436,11190769.473282117,10792111.65388813,15698771.234608015
GEO,1271690.9398907672,16379.665322535375,5326.535368146531,2458.4307721849354,10959.02447048777,12685.126427835075,167676.44476061754,306585.3991012749,466629.49423313583,672295.1742911575,844287.6681587425
GHA,16841518.816924296,14416722.669272805,4172963.0733118327,3558498.543798599,3323415.912973239,4127641.985458216,6029711.516690483,10088739.971825989,12161794.111919886,14867934.442571048,15494099.9629548
GIN,5693600.545634372,4893330.616129822,980166.5765079692,555210.2916619561,507760.4767951211,705593.070167676,1613748.6704625513,3248623.0056500775,4462306.096080042,4466600.608757623,5171481.023321936
GMB,219514.39653204603,85658.8007306607,673794.3331853136,367272.39731626055,149978.27291149984,92781.98492827555,233682.0076057709,107505.85888933542,101411.64667474217,121857.10947069201,116018.13859590795
GNB,478240.6724189214,514191.57951305486,403516.16288628016,290855.3640819742,119656.741036842,173528.47841894595,244562.05062995467,364453.1216626519,466349.1396789579,648799.3456258934,592039.5356170415
GRC,5193109.714549304,293693.77955920034,566996.9318875691,543004.0573288494,1154316.9611404468,2074860.4326264123,3001213.8765933285,2739987.478604339,2643657.471639684,3625194.2901859866,3311617.3446659218
GTM,7864006.804359765,5015124.753280097,1574115.2327698045,1046417.0423037931,1126079.7540505305,1914278.2085368414,2389380.5247166064,3576262.722326037,5999343.105150371,8768059.913662577,9333528.052630179
GUY,711134.9090306463,822822.5354231885,607073.779506314,158386.7329583441,107864.624000688,210898.43562742788,397597.77634491166,672556.7151736324,824758.6312236129,995076.085414903,1106418.0522230102
HND,3201320.815599506,2004377.5457735755,723415.5957001582,205194.2336690583,349961.68453780183,445611.50038302277,992238.3674583723,1780195.8896690377,2531592.3369726744,3605837.559495689,3387166.984269332
HRV,2379603.964239941,25000.07954183068,16728.4513479604,13919.321554427283,57451.46464907799,230141.79937839348,713052.9856954025,1109811.1896060868,1145140.0055141323,1363845.7194425003,1001819.4581826708
HTI,1247771.6582138797,1628128.5012974543,1581393.516601917,1579466.4830865473,1483693.2339970903,1917793.8989070556,2813249.7468648553,4226721.889643209,4733660.744111482,2782709.0107011115,2263010.6246235264
HUN,9099729.482329473,27224.57960387326,14168.454366157215,12219.487169765816,13875.97901932415,311805.2055532859,2255186.5936546205,3443173.705595327,3261492.8719495274,5023172.785017527,5057013.703698207
IDN,190617789.96411526,165388047.78045294,63512318.28348963,47145643.91938807,34459770.20504564,43784136.21997782,65828507.630553745,87859664.17504558,122610535.7737053,148751683.39218953,165314103.43934494
IND,384440147.48500097,282837918.076592,100226940.91457576,104769995.5208132,139607104.05364695,164952365.23471847,181621190.39344898,188539158.64193925,286398194.3840861,410539426.9556206,431976338.2854104
IRL,3915195.9944373965,410939.58849804685,147831.6197991353,76784.25874436938,83774.82757367652,120406.42738166517,481297.397070949,1681200.9824003775,1633597.3224890647,2112664.0589703186,2880483.282868923
IRN,27774006.44908815,5047461.841882524,2010282.8028387073,1174671.2949368048,4102412.4194225217,11743233.642854333,14360575.432562536,15394169.6988923,18034239.88697176,21197292.555511087,24373816.206348833
IRQ,9211420.069029894,496221.77354123397,2680622.984396533,2645596.9184875092,8224574.457217735,8469765.479366733,6142402.811886235,6156653.008499814,6475275.53310595,7326800.721533613,8404796.286901066
ISR,4545917.5271886485,730913.1139105334,332787.4637191275,219509.68037459182,313587.20394488215,349963.4802923543,976685.2804208328,1582951.8924271842,1814133.2196842672,2854387.3521181084,2859231.190163542
ITA,34385096.62763806,1741637.8723817763,2192315.3028073316,1998272.3392642387,3291989.8811476473,6192840.217801261,11296331.027534803,15821729.674199399,19067904.625316832,20657175.002743054,22445494.527427405
JAM,620650.8318702254,316333.6852203336,179566.67676418182,248658.3225279074,351116.0061904027,357270.1115100549,514217.0347298286,699113.652841884,868758.3147675435,841758.7542295773,657091.6266604983
JOR,2609729.680710497,636333.7310573111,213182.06090062263,154217.89312107908,210663.86476470955,289007.1790726685,560271.1020702843,903189.126454956,982816.2114580547,1699815.5997541947,1605359.9335472095
JPN,37195346.96486544,6536876.919959458,2918230.5770173185,2038609.759284006,1955703.2964658355,2084153.427634017,2813266.0006791926,5326848.702719593,10431826.777949264,14474643.53333501,28204498.161166675
KAZ,15389121.093168236,22238.267886658174,8122.090537285145,6202.3138979400965,18641.46092761051,207424.2630512543,2333036.656874686,6049622.480725938,9035907.03443747,11424803.503614448,13276924.63613816
KEN,9542181.359926563,6450226.906220021,968453.4027972955,964455.8430935222,1097475.4190324221,3124036.1140223537,1469131.4118490436,2469855.8217936703,3777603.2822077726,6543280.264434238,13594895.271043848
KGZ,2318688.012602724,1310.1465296262156,502.46577771379964,323.7061532340791,824.4197126629674,27377.582268829,605641.3499313602,1199544.0098048593,1432959.3140907285,1721383.9235980147,1880171.4465014366
KHM,11593575.269486714,17541390.504579853,385482.88984420605,72680.23264672558,367771.9184017946,705902.3313639831,3958076.911980884,6375176.982831813,14005582.497349948,17999486.99683328,12346524.84835095
KOR,18953431.57112761,6777191.552128987,2487196.8425764814,1794150.6971686967,1622947.4861945994,1751312.9503591086,2381298.373954798,3758895.8962379317,5824829.989381961,9965736.485450482,14957632.629862947
KWT,1229287.1922941457,869953.4595221588,541897.1487449681,518328.06088185863,622476.0480502278,387294.4852742138,531231.9338659476,576700.0753256243,586220.9640457886,962059.2150552241,962924.2028001305
LAO,4720678.474358151,2602249.725306095,7159.385410821289,26155.216597472496,139606.74757769995,197939.2362845297,476802.03648554673,1102177.45507308,1821403.6642749885,3029392.45248444,4003032.1526465355
LBN,2638204.6028004666,382378.3806897596,210201.13925754343,177744.61875088076,304198.4067798776,227877.04494675985,772077.6878377084,1088397.4088144829,1080131.5211617341,1768441.4379370564,1632419.9679139438
LBR,589328.1202841236,531646.5693693182,105873.34261404046,41941.86480492408,59424.64338329912,104999.3832727558,136002.34419801916,234539.64244461208,306320.8625703263,402128.0112624746,485547.67673459544
LBY,2844656.4216536167,722621.0955546012,852784.1778444729,850704.5467446488,1433344.1420804758,2616759.5580345467,3580289.6713910364,1417729.2320509853,1109381.362350304,1719254.4794359726,1611143.6416642526
LKA,6837653.749968776,6355208.250120396,4557095.5714575825,1911122.725367176,1160204.2956731596,3087215.4094971763,4488702.466959749,5015062.88993586,5589314.911752582,7374788.272649162,6435823.683905035
LSO,153403.36507708288,134715.01869507888,12193.44437124922,9488.813549568395,11017.981085779375,10850.62437861052,14838.180889348325,32654.01470696452,61248.72149804328,83661.12876884155,117737.50610822842
LTU,2811278.3705350356,13494.623139163466,6150.21645920023,4797.320299438462,4491.381147887968,7869.287655667524,26574.127448253726,248591.83325367444,580773.9770637976,1045021.1077567968,230090.2697516551
LUX,226317.95311934824,5511.882732701601,2538.018195041783,2105.0216262752233,3569.896273369235,9743.999140963662,26745.625161961245,90415.1504171324,117060.63676524324,87190.24170006289,109061.07822743089
LVA,1333855.7559451726,8207.346152944323,4622.7939324303525,4138.733804783185,4686.914834633994,8092.927844778956,18493.263149032144,49732.837596415295,266165.40135057876,507825.88275179395,287251.52717615565
MAR,14040945.75275227,3223212.005784771,3520626.2645794908,3271914.3669893052,4285996.29930747,7235225.02520573,10715338.222089777,11912271.515592301,7739922.451528464,7448595.456163183,8956548.15533947
MDA,1151616.972588732,961.3232634987398,671.7801378940204,604.9474231453911,1218.2582828606487,2950.878847368356,201037.6297088518,335380.72024242615,301398.5222103344,756845.7533288185,566334.7401009728
MDG,4864263.754047223,5631317.6908558775,1737402.988175866,279882.9799807016,251238.77223550892,314665.86474447715,808917.9412272011,1472744.918241613,2094884.9813680886,2478215.94745838,3864016.8136291774
MEX,67961273.57967997,7161221.9325121045,2685190.4676798997,2010576.6445834602,3042243.557100588,3942985.078433823,7796798.477477395,14935120.861038493,29412664.809850745,45488620.352174416,56999681.172562264
MKD,784967.3319055308,4253.800300312839,1001.3696854656494,941.5011279025746,29576.712321284715,174123.02699716238,564705.4609208567,550202.46715534,334654.9464722296,512857.62853320775,361514.57380556746
MLI,10757090.587013641,7949401.328849569,2368056.5777365384,1905481.127092502,3287759.188975408,3269306.105970002,8013807.043918151,8778622.87236383,8962895.054568782,10654724.017629603,9148227.767232927
MLT,76662.00233947148,2917.8563208610803,1807.2107518614487,1519.342783452476,3001.725882837383,8046.431107719407,21687.03943903213,31985.00992739224,33319.193861306354,41367.223849963055,35903.71167310496
MMR,26972336.94555919,14795163.140592804,227294.64042443963,219233.6779669278,328848.59945386613,2224699.7193632917,734818.940195813,1796990.0909812266,3435998.327552092,9787126.539149994,15765788.63725842
MNG,699093.3386715114,817.6063767422505,348.36457986149,215.41314418988384,556.2340478120378,1189.6330024761453,13115.23425306836,57249.24471760627,343084.24191899627,640007.3071750919,443673.4429964976
MOZ,5852190.69669798,5180013.663522993,1684598.164436683,870901.8644042239,724841.3474609375,938611.4568740204,1643660.0448481757,2491579.653646569,3156146.9195694523,4201444.2064373875,5159702.025463207
MRT,988967.626806254,366682.4161348655,104063.53446147633,199080.70268546382,913496.7502206072,119808.2261141439,277919.9367681627,423760.7368021424,583501.7213599335,592608.2769954507,658206.9759347031
MUS,446788.07440280926,118322.936768596,31696.340409842163,24830.10687139671,23941.04390449824,36446.05003075048,49367.488213520424,89386.18124938707,114715.08101677058,134559.2871952074,176554.0016146496
MWI,8985693.821397167,9547138.618623015,2547825.9035259015,312276.65788801346,242261.7357929827,1851544.858269336,1028708.8988532933,2405302.5981408195,3493291.658320987,5973980.460464548,7214827.642789794
MYS,46969069.972315036,35156221.61777905,11091781.813240668,7026428.296221168,8003948.724973306,11289920.829765156,19087833.890350964,21627899.01579981,32483718.620007653,43387779.2919233,47194081.053352445
NAM,566163.3500816883,390167.7139332442,102511.01089006319,17034.055108129603,18405.12943929319,22261.219407163855,60977.4164482081,120607.05491467933,219046.26417309913,325279.89926308894,350923.7962552103
NER,8839889.525829969,6284203.559008354,1609907.5543133472,851256.4869319663,1939424.4216576454,3706325.7353241714,4803581.946693288,5129246.238437124,8600327.803298147,9877233.85206211,9929783.65888499
NGA,76529399.32388063,47513402.48076925,14463218.55284758,9471982.844689937,9840330.395190416,17943473.932113014,22379303.67405093,36142024.788428105,47689386.16107183,58974009.389522515,71961376.301401
NIC,2475945.4293451305,1584426.686937991,492358.2325940537,122531.95924967478,202038.68002839098,334455.08571776154,626938.264572878,1187986.3304055217,1676512.0307046848,2116232.0012125475,2134505.7624921417
NLD,21267781.465153918,3546686.8143036203,1223958.9100432885,650609.743396999,751891.7263188062,1145707.6681422975,2818291.5185820856,6367087.22786502,8259147.1901135575,10330207.34106312,11889248.644245852
NOR,2215896.4024708103,313263.7294772216,115257.29967973195,60438.01915312119,63730.095034993596,76878.14138268353,120404.46106759457,278485.84418541746,430633.6886485706,597333.4073141388,1014206.342734029
NPL,12440796.71099474,3160059.105741096,486379.88774872327,694192.591776031,1209126.4208832274,1718381.5404023333,2294323.3985552564,3745837.2450014763,6337735.200139826,7913796.4083742965,8835843.36781381
NZL,1667289.7913919878,1070126.6550962008,607603.7637156874,605871.4553471183,475624.1129750949,482474.1724293524,640976.1449179677,844542.3394818443,1101957.1231857764,1411213.8226254487,1407699.0425992026
OMN,1504785.5285007511,861301.4562084109,320833.92701139586,286404.7322926826,623897.1311182664,778558.2311992047,434416.7010990511,538438.9983723965,702413.6469858261,1171658.2251937932,1007632.5809363557
PAK,55723228.35583241,15238568.110274617,13971705.845986893,13772303.20559822,17901325.166786816,19742012.831905726,27104771.280146014,36833905.55854035,42117536.289440416,45957953.26763848,51255084.12764537
PAN,1486468.6928130267,1719577.3522295312,1631941.2565595673,2098471.63910114,1030387.5282270854,1241511.6245868057,1153778.1333191388,3476507.16816926,2947806.029025864,1913132.557572908,1078292.8749309767
PER,13710261.877045467,10289495.30538487,2656243.2604725133,876878.3723149154,757266.7685948684,1728621.8184853427,1817168.4979311787,3423929.296029922,5114923.832711203,7359594.431238413,9754579.398412539
PHL,37595046.47716721,31530851.095502697,15273179.003041612,5789009.039868593,5244846.072946176,6960858.883508159,10211299.687606778,16624325.0270469,23167896.42299613,23107618.37990048,34106796.099679396
PNG,2870071.3588889353,261835.31797721115,203948.52040616018,204593.89212642415,151019.12858112753,126053.70662675516,138596.01330852814,154477.0617900671,123182.69514050041,219757.31590031585,185117.18759470823
POL,32683892.51652348,169188.9225138137,74522.40252264934,63461.71819304889,67851.50656472758,145012.65166410003,1425883.63678198,14489302.498007566,18847505.826656573,12941800.89908913,8261261.677966524
PRK,4947440.120086299,1977.915850060911,185.02915424457848,190.97038309435933,311.0083651058765,450.0991113411859,1594.0480800219827,4853.601472093221,48417.288494694105,205170.47132460593,1692722.5976875168
PRT,5744744.750297713,1170067.8520978435,666614.5759283056,463837.64432864473,826992.3955535638,1099857.4365281202,1773983.0993359534,2635798.9382636407,3499211.8660988845,3872332.2567307763,4242864.628335467
PRY,10926072.554684188,11806616.697405275,2539687.249931398,1365907.8427441914,1477904.4819047558,1679951.7074275068,2087488.7318683222,3809403.5483223214,4414001.170949638,5777229.25582326,7495761.506105737
QAT,643525.7344845324,433883.6326737691,237668.29210337347,235279.14258855474,241062.69152218886,230297.51335171988,244123.22365980604,299636.51724930445,287526.1217809304,494853.9998889037,442132.22760024224
ROU,13980260.392877055,204150.99530387478,83336.0518340509,51608.34610614133,61699.31246121778,175149.45564405742,3192557.6009640326,4208412.135837603,3568061.683651504,9096462.033562955,3855934.976672929
RUS,102811303.95967665,1695157.417342281,517627.22204284975,266922.24862756033,403799.58320287714,556810.480994779,3214509.1410693917,9216146.190712642,22879017.013811827,48304998.35955922,58064308.51589826
RWA,2544986.5478842724,1989683.2737406355,649006.7764093012,889337.1963669613,577849.1039732073,3337.6919212110733,1024285.9146639527,914050.6398201826,436190.3184576956,756919.5647997675,1060160.8227900262
SAU,15521279.571957938,5465651.82734287,3931184.717298564,3577286.294645336,5190315.435184649,4582064.677275743,6005869.60803603,6460523.009776069,8044731.615520249,9550124.397391979,10378334.972197691
SDN,12499124.484896727,7469921.687197218,2249058.7038689386,1788570.715514492,2643328.3353743674,3764732.133386052,5957351.5804565875,10085738.660951797,13558839.283794444,17545373.474604476,16927230.380405474
SEN,6462303.379180443,5623177.862602416,3670784.9483767753,3014660.983789501,2662497.9060521014,2988385.9889949053,4008330.390542521,5091159.979769286,5386223.24851313,6970218.654713751,6151876.901918416
SGP,671354.8438784819,390896.8523969146,154284.86138905116,137836.59697001564,120937.49954175638,139217.5998363492,164169.7299125525,233125.546804092,291598.0098851371,431459.20695788553,517777.2355811963
SLE,1684572.3750687956,1633091.662732384,341291.33147179696,126874.88891805786,133212.1370902399,226309.66910121636,349705.6066031805,683438.3885343743,930096.0174278666,1046111.69740242,1390826.4292289338
SLV,2451133.9660259807,1163236.0931655662,328992.41373836657,243143.23649468948,332483.3412229487,377636.5357927807,906734.40363645,1809058.9766366077,2188581.792130949,2858370.7790869763,2948900.90080337
SOM,479747.713208926,325540.4501483791,443588.10114059265,394236.6154745204,341149.3821239875,401994.2048910696,349774.5695216041,471961.33057803666,588729.7798844178,577785.4219507559,919312.250211339
SRB,8130482.795045323,7636.401244962868,4044.436176540605,3636.648893293991,10983.442192008635,131344.0610271147,1756638.186053358,2560457.721050907,1901020.4897273327,5171690.70594159,2101063.706451712
SSD,1970270.2742531032,1035454.6519043774,137138.16466520188,47524.42484932121,96854.4891302143,267552.7041212553,239603.99648048356,629460.8549535702,1037386.2495493848,1327935.8757279085,1775554.847756508
SUR,220925.7838434399,265978.0142198622,290627.4091635139,184742.9031269675,87243.98742747857,148857.36775257456,254063.53523626627,251928.27443612716,277627.56025998096,372459.8379733451,143818.2616703723
SVK,2978019.9349526702,17850.66878569489,8804.239799744293,7797.680161914202,8984.14827538592,86807.85654602526,767174.1796688457,1369928.5982266127,1389264.7475817478,1448455.2999324994,1411631.7482946655
SVN,377183.1730863021,36458.48274869767,17325.876111114972,14035.074144417267,11598.236164247672,26202.7438266464,76443.82713376534,160929.66040104817,174964.09639816775,209556.69008301938,254821.96233752317
SWE,5007958.834315956,64826.85466629501,31986.770774063578,24313.566843486995,27974.714382983286,47999.977214760234,76639.20230355006,135813.1957753343,608163.0498230113,1388732.2122732203,1840188.05577804
SWT,752454.064804922,699707.2800472686,216969.73279050726,178819.67433456745,111409.94283041524,171460.37977283177,166667.83792562535,300036.2412300694,493305.7329280628,485478.4937288359,584301.6925429722
SYR,5645762.651567649,288754.05107031605,563158.305182053,559191.3228068795,3001096.7855023416,3442341.745812667,3282519.2193450397,3933655.090070986,3824595.71134096,4365859.746422418,4706611.60249766
TCD,3984002.5872066924,3040192.157098653,1263804.438983773,964937.4948775597,662528.6352945165,1020590.7256667209,1406443.3637264695,2437688.231574544,3656921.69572797,4180058.0033794134,4952958.1503924355
TGO,2350562.895768718,1773154.2296696824,840827.5797847832,790820.7259527142,720647.8951151102,766312.0464899128,883184.4297905149,1355221.9319123782,1560642.599084862,1722168.2460166689,2194677.837041015
THA,56048503.599864505,55148110.60024858,2139357.441474826,1580513.0807769091,1936328.8695891565,2563002.591284143,9884267.889244813,18588749.401954167,36492713.46124744,57215900.08233697,65483581.52647428
TJK,2497391.8049626746,524.6583900856111,255.4758721773117,207.0068101214578,843.8433582354111,121079.74527969032,791884.8191606083,1443786.5207257718,1877487.918976024,2034620.3763580322,2444787.510185898
TKM,1658215.8210316398,5703.794468847117,224.82524205473706,196.19990378914508,84576.43748610587,625639.5605471282,1019223.2794877413,969326.3737374768,1063079.9150346536,1339740.175617292,1556639.8435191321
TTO,243422.27855828902,7635.406257231281,4446.629019203456,3727.3529531220947,5270.328565004683,9444.38756710807,13280.06108723245,31097.10902059454,78194.88668882003,118027.55118320227,158401.6740806406
TUN,6880166.432619626,1459851.286626144,3501214.396735677,3445614.7066937475,3948738.7630197424,4904296.995986796,5304318.736470328,4243181.768153368,3515906.038394528,4103407.577946424,4306190.798810675
TUR,61705584.34415053,3119788.73199762,2633069.1998340543,2183752.4531698283,8213616.26590875,23365946.02477718,33006201.92871402,30008851.46182238,30638146.09998724,37359588.29545473,41323292.832865395
TWN,9775942.059388852,4057422.0755394865,1291699.255787435,673383.912356746,750850.8916419426,889311.5755687138,1207355.282677401,1884183.1588722214,3433863.233026928,5273395.045305606,7359166.878595832
TZA,18310417.25599686,17769784.044244032,2694148.0221061446,1134877.6628556733,1764893.854623249,2525672.1205639113,2843289.5368822655,3591395.2747899033,4768983.869992567,8238953.347908574,11575433.504545448
UGA,9676871.727874372,6579379.340039377,735580.0079781481,1046693.0762421461,1637829.6788747057,85647.81387634641,2598050.132457244,3213928.0580102345,4133537.596270481,6226390.786842227,10243738.262249595
UKR,28775289.946880512,80123.12099994492,41713.36622829915,35944.40479577021,43500.480703814785,101274.02303610409,4932610.000355555,10339075.080745392,9522917.74579905,17752399.24158712,15685665.190011669
URY,5463447.311920232,3398016.751511867,1258761.8161992175,1432693.513953442,1292662.0678169457,691970.8044038364,947604.665491799,1663889.5727225812,1697297.6983737359,3613574.4876468657,5334649.997480836
USA,387955288.2895846,4193275.0563913984,2540729.1959751556,2361037.865674099,6760825.073659565,12890188.633405156,19009505.388027694,44068202.59579627,136985034.97845814,214636475.83390832,288063416.1175316
UZB,11005750.71007511,24838.245673074103,2802.494547355077,2276.544756474036,22264.191085349812,2380615.2215163717,5609150.586380944,6866824.737688519,7741609.982380869,8973134.874632394,10082206.917026863
VEN,5018222.674041021,2968277.6723065274,1007675.5091383834,860419.8177968899,953506.8473884307,1018944.7079703402,1995093.5432778841,2723413.502992644,3634286.4840226863,4834427.711467699,5493363.504991462
VNM,58611274.71114058,36201010.319262624,4531576.960248131,5129420.311865432,8174455.396465471,9324405.80379902,11344781.889812978,15920866.136735525,26056522.74010302,39441676.19859517,46482097.6884893
YEM,4198309.349967088,1656207.3218180418,856200.1802431658,807375.1969204509,862567.262179483,913060.4751682682,1158601.265491286,1834407.958950752,2250071.824139926,3115915.147964405,3528820.390331011
ZAF,20867181.271050185,18122273.55065962,2115338.9554195334,1410989.7491603212,1575322.9722005054,1552777.8234537703,2344954.4394431277,5193095.181487856,8719579.927041398,12020960.312544724,15746916.353109654
ZMB,5287924.6108396435,5183229.398745736,1273970.1166502896,96296.37364562137,128752.62114113437,231244.56134901327,512913.20915501274,1257150.660754736,1858719.8365296507,3194712.9649301157,3781749.3521780455
ZWE,2751237.902215038,2728516.304288632,660096.0359344232,167216.46866260807,178716.09622463482,189143.56400673796,630657.7745284156,1184584.5928890924,1644296.2927048453,2174019.038804588,2679206.2665548343
